Inter,Full,FOSSIL,Fossil_Occurrences,,,AFFINITIES,Age Max,Age Min,,Period,Latitude,Longitude,Paleo_latitude,Paleo_longitude,Age_paleoCoords,Climatic_zone,Age_ClimateZone,Period_ClimateZone,Region,Locality,FORMATION,Structure,Specimen,Collection,REFERENCE,,,,
,X,Alienopteris_livingstonensis,,,,Core_tree_ferns,125,113,12,Aptian,-62.0554824,-58.0113489,-63.34,-48.13,119,Warm_temperate,101.8,Albian,Antartica,"Rotch Dome, Byers Peninsula, South Shetland Islands",Cerro Negro Fm.,Stem,"BA Pb 14950 (BA Pb Pm 548, 549, 550) (holotype), BA Pb 14953 (BA Pb Pm 552) (paratype)","Museo Argentino de Ciencias Naturales “Bernardino R. Rivadavia”, División Paleobotánica",Vera-2008,,A phylogenetic analyses might be possible based on the table of characters presented in Vera & Cesari 2018. Also a useful table in Vera & Herbst (2015),,
,X,Alsophila_antarctica,,,,Cyathea_NW,33.9,20.44,13.46,Lower Miocene-Oligocene,-41.2708919,-71.2101288,-44.84,-65.17,27.17,Warm_temperate,19.5–31.3,Early Miocene–Rupelian,Patagonia,"Canyon of Rio Nirihuao, Territory of Rio Negro",,Sterile foliage,Cat. no. 37851,United States National Museum,Berry-XXXX,It might as well be considered to represent the genus Polypodium!,,,
,,Alsophila_antarctica,,,,Cyathea_NW,21,16,5,Burdigalian,,,,,,,,,Antartica,Seymoir Island,,Sterile foliage,,,,Excluded based on Collinson-2001,,,
,X,Alsophila_arcuata,,,,Cyatheaceae,112,99.6,12.4,Albian,45.9350697,59.553188,62.92,45.51,105.8,Boreo_tropical,101.8,Albian,Russia,"The northern shore of the Aral Sea, in the south of the Kulandy Peninsula ",,Spores,"sl. 1, arr. 12, ИГН АН СССР no. 3527/26","Mining-Geolical Institute of Western Siberia, Academy os Sciences, USSR (?)",Bolchotinova_1953 (google books),"There are some doubts on the “holotype” referred in the original (see compilers preface of Traverse_Ames-1979). In this case, the specimen number is the same for Lophosoria falsa and Alsophila arctua. Possibly, this reflects the presence of multiple spores in the same sample.","Compared to Alsophila multiflora, which is a synonym of Cyathea multiflora. Since there is no detail to assign to a living genus, it remains as a member of Cyatheaceae.","The ‘crease folds’ reported by Bolchotinova_1953 may indicate resemblance to Trichipteris (as reviewed by Gastony (1979) — although all species treated belong within Cyathea, a formal assignment to the genus may be premature. I interpret these ‘crease folds’ as depressed leasurae in the spore as seen in several Trichipteris species (mostly NW), thus I tentatively put this spore in Cyathea.",
,X,Alsophila_formosa,,,,Cyatheaceae,99.6,88.6,11,Cenomanian-Turonian,56.0317197,52.2208346,55.99,50.22,94.1,Warm_temperate/Boreo_tropical,101.8,Albian,Russia,"Kem River, 300 m below the village of Maslennikovo",Chulymo-Eniseisk Basin,Spores,3СФАН СССР No. 6 (holotype),"Mining-Geolical Institute of Western Siberia, Academy os Sciences, USSR (?)",Chlonova-1960,cf. Traverse_Ames-1979,"Similarities to Alsophila pubescens. Bolchotinova-1959 compares the fossil to Alsophila walkeri, A. pubescens and A. cooperi. Thus, affinities cannot be ascribed to a living genus and thus assigned to the family.","The ‘crease folds’ reported by Bolchotinova_1953 may indicate resemblance to Trichipteris (as reviewed by Gastony (1979) — although all species treated belong within Cyathea, a formal assignment to the genus may be premature. I interpret these ‘crease folds’ as depressed leasurae in the spore as seen in several Trichipteris species (mostly NW), thus I tentatively put this spore in Cyathea.",
,X,Alsophila_major,,,,Cyatheaceae,125,113,12,Aptian (Lower Cretaceous),40.36681,46.4582352,35.44,56.23,119,Boreo_tropical,101.8,Albian,Azerbaijan,Verkhniy Agjakend,Emba river Basin,Spores,coll. V.A. Vakhrameeva,"Mining-Geolical Institute of Western Siberia, Academy os Sciences, USSR (?)",Bolchotinova_1953 (google books),"Based on morphology. The description fits the morphology of Alsophila, with fine spikes on the exine.","Compared to Alsophila australis, but it also resemble the Sphaeropteris spores figures in Gastony 1976. Thus, the more conservative assignment would be Cyatheaceae.","Description: The contours of the body of the spores are triangular with twisted corners and slightly convex sides. Exina is transparent, thin, its surface is covered with small, short, frequent spines. The [leasurae] is three-beam, simple, equal to a half of the radius of the body of the spore.",
,,Alsophila_notabilis,,,,,,,0,Thanethian,,,,,,,,,,,,,,,,,,,
,,Alsophila_pomelii,,,,,,,0,Thanethian,,,,,,,,,,,,,,,,,,,
,,Alsophila_thelypteroides,,,,,,,0,Thanethian,,,,,,,,,,,,,,,,,,,
,X,Alsophilidites_delectus,,,,Cyatheaceae,99.6,66,33.6,Upper Cretaceous,,,,,,,,,Russia,"Yakutia, Vilyuy",Linden Fm.,Spores,ГИН АН СССР No. 3530/471,"Mining-Geolical Institute of Western Siberia, Academy os Sciences, USSR (?)",Bolochotinova_1959,,"Compared to Alsophila cooperi, A. walkeri.",,
,,Alsophilities_polonica,,,,,,,0,,,,,,,,,,,,,,,,,,,,
X,X,Alsophilocaulis_calveloi,1,,,Cyatheaceae,28,23,5,Late Oligocene,,,,,,,,,Patagonia,"8 km from Aluminé City, Neuquen Province",Rancahue Fm.,Stem,"BA Pb 7696 (holotype), MCF-PBPH 215 (microscope slides A-C)","Museo Argentino de Ciencias Naturales “Bernardino R. Rivadavia”, División Paleobotánica",Vera-2010,"Affinities within the Cyatheaceae. According to Stockey & Rothwell (2004) and Lantz et al. (1999), the fossil nests well within the Cyatheaceae, but resolution does not allow for further detail.",A phylogenetic analyses might be possible based on the table of characters presented in Vera & Cesari 2018. Also a useful table in Vera & Herbst (2015),,
,,Caulopteris_brownii,,,,,,,0,,,,,,,,,,,,,,,,,,,,
X,X,Cibotiocaulis_tateiwai,2,23.03,28.4,Cyatheaceae,133.9,130,3.9,Hauterivian,36.5134473,28.545769,24.77,42.33,131.95,Boreo_tropical,143,Barresian,Korea,North Kyong Sang Province,,Stem,Specimen 5 (holotype),University Museum of the University of Tokyo,"Ogura-1927b, Nishida 1989","Affinities within the Cyatheaceae. According to Stockey & Rothwell (2004) and Lantz et al. (1999), the fossil can be attributed to stem Cyatheaceae.",A phylogenetic analyses might be possible based on the table of characters presented in Vera & Cesari 2018. Also a useful table in Vera & Herbst (2015),,
X,X,Cibotium_iwatense,1,,,Cibotiaceae,90,86,4,Lower Senonian,,,,,,,,,Japan,"Kunobe-Gun, Iwate-Ken",,Stem,Only sketches are provided,Geological Institute of Hokkaido Imperial University,Ogura-1933,"Affinities within the Cibotiaceae. According to Stockey & Rothwell (2004), the fossil nests aligns with extant Cibotiaceae and Metaxyaceae. Lantz et al. (1999) place it separate to living Cibotium barometz, in a clade including Metaxya rostrata. A placement in the Cibotium/Metaxya clade is thus suggested.",A phylogenetic analyses might be possible based on the table of characters presented in Vera & Cesari 2018. Also a useful table in Vera & Herbst (2015),Cibotiaceae/Metaxyaceae according to the phylogenies in Lantz et al. 1999,"SASA,M. On the geology of Kuji district, Iwate.(Japanese) Tokyo. 39. 1932 "
X,X,Cibotium_oregonense,1,,,Cibotiaceae,40.4,33.9,6.5,Upper Eocene ?,42.3157482,-122.91286,44.04,-113.16,37.15,Warm_temperate,31.1–38.3,Rupelian–Bartonian,North America,"Unknown, Medford, Oregon",,Petioles and stem,60674 (holotype),"Paleobotanical Collections of the Botanical Museum, Harvard University",Barrington-1983,"A placement within the Cibotiaceae is suggested. Affinities within the Cibotiaceae. According to Stockey & Rothwell (2004), the fossil nests aligns with extant Cibotiaceae and Metaxyaceae. Lantz et al. (1999) place it separate to living Cibotium barometz, in a clade including Metaxya rostrata.",A phylogenetic analyses might be possible based on the table of characters presented in Vera & Cesari 2018. Also a useful table in Vera & Herbst (2015),Cibotiaceae/Metaxyaceae according to the phylogenies in Lantz et al. 1999,
X,X,Cibotium_tasmanense,1,,,Cibotiaceae,66,33.9,32.1,Tertiary (early),,,,,,,,,Tasmania,Catamaran Road,Toms Bottom,Tino,"UTG81759 (holotype), UTG87526","University of Tasmania, department of Geology",Gould-1971,"Affinities within the Cibotiaceae. According to Stockey & Rothwell (2004), the fossil nests with extant Cibotiaceae and Metaxyaceae. Lantz et al. (1999) place it separate to living Cibotium barometz, in a clade including Metaxya rostrata. A placement in the Cibotium/Metaxya clade is thus suggested, with further assignment to Cibotium following Gould",A phylogenetic analyses might be possible based on the table of characters presented in Vera & Cesari 2018. Also a useful table in Vera & Herbst (2015),Cibotiaceae/Metaxyaceae according to the phylogenies in Lantz et al. 1999,Age according to Tidwell et al. 1987 (cf. Tidwell & Nishida 1993)
,X,Cnemidaria_magna,2,37.2,48.6,Cyathea_NW,56,47,9,Early Eocene (Wasatchian),47.0003652,-102.8179793,48.05,-84.3,,Warm_temperate,,,North America,Camels Butte member,Golden Valley Fm,Sterile foliage,"USNM 5096 (lectotype), 43612, 42782, 42783 (Golden Valley Fm.) ",United States National Museum,Hickey-1977,,Originally described as Hemitelia magna,,
X,X,Cnemidaria_sp,,,,Cyathea_NW,23.3,2.58,20.72,Miocene-Pliocene,-17.183333,-66.033333,-18.64,-64.02,,Tropical,,,"Eastern Cordillera, Bolivia",Pislepampa locality of E.W. Berry,Pislepampa flora,Spores,"ESF P-46, 1–3",palynological collections at Kent State University,Graham_et al-2001,Charcateristic Cnemidaria-type spore morphology. ,,,
X,X,Conantiopteris_schumanii,,,,Dicksoniaceae,125,113,12,Lower Aptian,,,,,,,,,California,"Shoup Ranch Gulch, Shasta County",Upper Chickabally Member,Stem,CS 5010 (holotype),California Academy of Sciences,Lantz_etal.1999,"Affinities within the Dicksoniaceae. According to Stockey & Rothwell (2004) and Lantz et al. (1999), the fossil nests well within the Dicksoniaceae, sister to Lophosoria (but resolution)",A phylogenetic analyses might be possible based on the table of characters presented in Vera & Cesari 2018. Also a useful table in Vera & Herbst (2015),,
,X,Coniopteris_bella,,,,Cyatheales,168,166,2,Bathonian,,,,,,,,,UK,"Red Cliff, Burniston Wyke, High Whitby Fog Signal",Scalby Fm.,Spores,"v.28474 $1, v.5948, v.24667-8, v.32007A, v.32082, v.25888, v.52545",British Museum (Natural History),vanKonijnenburg-1989,"The author suggests a position within the Thyrsopteridea (Thyrsopteris). Hence I accept these fossils as stem members of Thyrsopteridaceae, or a position as early members of Cyatheales.","Note that pbdb puts this in the Dicksoniaceae, but circumscription is highly relevant here.","Aligned with Polypodiales based on the incomplete vertical annulus (unlike the complete and oblique annulus of tree ferns) (Li_etal-2019). But the main feature supporting this (annulus) was scored as missing for this species. It appears that the main character supporting the position is cup-shaped indusium, but the absence of other tree fern families in the analyses warrants caution here. Thus, I keep with the original assignment to a Dicksoniaceous grade.",
,,Coniopteris_blomstrandii,,,,Culcitaceae,66,23.03,42.97,Paleogene,,,,,,,,,Arctic,Spistbergen,,Sterile foliage,S050075 (lectotype),"Swedish Museum of Natural History, Stockholm",Budantsev_Golovneva-2009,"Kvacek_Manum-1993 support a position in Dicksoniaceae (sensu lato), with close resemblance to Culcita. Details of the sporangia are not visible.",cf. Collinson-2001. Pinson_etal-2018 state that this fossil closely resembles the Culcita ember fossil from the Miocene of Florida.,Excluded based on the more complete description of Kvacek_Manum-1993,
,X,Coniopteris_blomstrandii,,,,Culcitaceae,56,33.9,22.1,Eocene (?),,,,,,,,,Arctic,"Ny-Alesund (Kings Bay), Spitsbergen",Asperlintoppen Fm. (?),Fertile foliage,"Plate 1, figs 1-8; plate 2, fig. 3; plate 3 figs 9-10","Riksmuseet, Sotckholm; Palaeontological Museum, Oslo; Natural History Museum, London",Kvacek_Manum-1993,,,,
,,Coniopteris_brevifolia,,,,W. A. Bell. 1956. Lower Cretaceous Floras of Western Canada. Geological Survey of Canada Memoir 285 (2528):1-153,,,0,,,,,,,,,,,,,,,,,,,,
,,Coniopteris_burejensis,,,,,,,0,,,,,,,,,,,,,,,,"Krassilov, V.A., 1969. A critical review of the taxonomy of fossil ferns of the U.S.S.R. with spores in situ. Akad. Nauk. S.S.S.R. Vladivostok: 117 128 (in russian).",,,,
,X,Coniopteris_cf_murrayana,,,,Cyatheales,201.3,174.1,27.2,Lower Jurassic,,,,,,,,,Antartica,Botany Bay,,Fertile foliage,"D.8954.3B, R.1310.83",,Rees_Cleal-2004,,,,
,X,Coniopteris_concinna,,,,Cyatheales,174,163,11,Middle Jurassic,,,,,,,,,UK,Beast Cliff “fern bed”,Haiburn Fm.,Spores,"v.31998, v.32004",British Museum (Natural History),vanKonijnenburg-1989,"The author suggests a position within the Thyrsopteridea (Thyrsopteris). Hence I accept these fossils as stem members of Thyrsopteridaceae, or a position as early members of Cyatheales.","Note that pbdb puts this in the Dicksoniaceae, but circumscription is highly relevant here.","Aligned with Polypodiales based on the incomplete vertical annulus (unlike the complete and oblique annulus of tree ferns) (Li_etal-2019). But the main feature supporting this (annulus) was scored as missing for this species. It appears that the main character supporting the position is cup-shaped indusium, but the absence of other tree fern families in the analyses warrants caution here. Thus, I keep with the original assignment to a Dicksoniaceous grade.",
,,Coniopteris_fruitiformis,,,,,,,0,,,,,,,,,,,,,,,,"S. McLoughlin, A.-M.P. Tosolini, and NS Nagalingum, AN Drinnan. 2002. Early Cretaceous (Neocomian) flora and fauna of the Lower Strzelecki Group, Gippsland Basin, Victoria. Memoirs of the Association of Australasian Palaeontologists 26:1-144",,,,
,,Coniopteris_gracilis,,,,Cyatheales,99.6,88.6,11,Cenomanian-Turonian,56.0317197,52.2208346,55.99,50.17,,Warm_temperate/Boreo_tropical,,,Russia,"Kem River, 6.5 km below the mouth of B. Belaya River",Chulymo-Eniseisk Basin,Spores,3СФАН СССР No. 5/2-I-I (holotype),"Mining-Geolical Institute of Western Siberia, Academy os Sciences, USSR (?)",Chlonova-1960,cf. Traverse_Ames-1979,,,
,X,Coniopteris_hymenophylloides,40,94.3,175.6,Cyatheales,170,168,2,Bajocian,54.3140449,-0.521423,32.08,19.81,,Warm_temperate,,,UK,"Haiburn Wyke “Zamites bed”, Whitby, Cloughton Wyke “Anomozamites nilssoni bed”, Cayton Bay “Gristhorpe bed”.",Saltwick & Cloughton Fm.,Spores,"39263, 39265-6, 39268, v.25863, v.31987-8, v.32013, v.32015, v.32278, v.60196, S.1100 (Yor-5), s.2325 (Yor-6), S.3031 (Yor-30), S.6393 (Yor-83), S.7548 (Yor-96)",British Museum (Natural History),vanKonijnenburg-1989,"The author suggests a position within the Thyrsopteridea (Thyrsopteris). Hence I accept these fossils as stem members of Thyrsopteridaceae, or a position as early members of Cyatheales.","Note that pbdb puts this in the Dicksoniaceae, but circumscription is highly relevant here.","Aligned with Polypodiales based on the incomplete vertical annulus (unlike the complete and oblique annulus of tree ferns) (Li_etal-2019). But the main feature supporting this (annulus) was scored as missing for this species. It appears that the main character supporting the position is cup-shaped indusium, but the absence of other tree fern families in the analyses warrants caution here. Thus, I keep with the original assignment to a Dicksoniaceous grade.",
,X,Coniopteris_lobata,,,,Cyatheales,201.3,174.1,27.2,Lower Jurassic,,,,,,,,,Antartica,Hope Bay and Botany Bay,,Fertile foliage,"D.8911.1B, D.8916B, D.8047.4A, D.8947.4B, D.8947.11A, D.8947.17B, D.8958.10A; 8003",,Rees_Cleal-2004,,,,
,X,Coniopteris_margaretae,,,,Cyatheales,170,168,2,Bajocian,54.3140449,-0.521423,32.08,19.81,,Warm_temperate,,,UK,Cloughton Wyke “quinqueloba” bed,Cloughton Fm.,Spores,"v.32264 $1-2 (holotype), v.32264, v.32267, v.35750, S.2579 (Yor-50)",British Museum (Natural History),vanKonijnenburg-1989,"The author suggests a position within the Thyrsopteridea (Thyrsopteris). Hence I accept these fossils as stem members of Thyrsopteridaceae, or a position as early members of Cyatheales.","Note that pbdb puts this in the Dicksoniaceae, but circumscription is highly relevant here.","Aligned with Polypodiales based on the incomplete vertical annulus (unlike the complete and oblique annulus of tree ferns) (Li_etal-2019). But the main feature supporting this (annulus) was scored as missing for this species. It appears that the main character supporting the position is cup-shaped indusium, but the absence of other tree fern families in the analyses warrants caution here. Thus, I keep with the original assignment to a Dicksoniaceous grade.",
,X,Coniopteris_murrayana,,,,Cyatheales,170,168,2,Bajocian,54.3140449,-0.521423,32.08,19.81,,Warm_temperate,,,UK,"Haiburn Wyke, Goathland, Beast Cliff, Hawsker, Hasty Bank, Cayton Bay “Gristhorpe bed”",Saltwick & Cloughton Fm.,Spores,"v.32063A $1, v.32066A $1, v.32078A $1, v.32063, v.32066, v.32077-8, v.35749, v.42411, v.60963-4, S.1200 (was Yor-7)",British Museum (Natural History),vanKonijnenburg-1989,"The author suggests a position within the Thyrsopteridea (Thyrsopteris). Hence I accept these fossils as stem members of Thyrsopteridaceae, or a position as early members of Cyatheales.","Note that pbdb puts this in the Dicksoniaceae, but circumscription is highly relevant here.","Aligned with Polypodiales based on the incomplete vertical annulus (unlike the complete and oblique annulus of tree ferns) (Li_etal-2019). But the main feature supporting this (annulus) was scored as missing for this species. It appears that the main character supporting the position is cup-shaped indusium, but the absence of other tree fern families in the analyses warrants caution here. Thus, I keep with the original assignment to a Dicksoniaceous grade.",
,X,Coniopteris_simplex,,,,Cyatheales,170,168,2,Bajocian,54.3140449,-0.521423,32.08,19.81,,Warm_temperate,,,UK,"Cloughton Wyke “quinqueloba” bed, Haiburn Wyke “Zamites bed”",Saltwick & Cloughton Fm.,Spores,"v.29235 $1, v.29232, v.29245, v.32021-4, v.32026, v.32029 (Yor-4 (from s.1187), Yor-84 (s.6395), Yor-85 (s.6396)",British Museum (Natural History),vanKonijnenburg-1989,"The author suggests a position within the Thyrsopteridea (Thyrsopteris). Hence I accept these fossils as stem members of Thyrsopteridaceae, or a position as early members of Cyatheales.","Note that pbdb puts this in the Dicksoniaceae, but circumscription is highly relevant here.",,
,X,Coniopteris_spA,,,,Cyatheales,201.3,174.1,27.2,Lower Jurassic,,,,,,,,,Antartica,Hope Bay,,Fertile foliage,5622B,,Rees_Cleal-2004,,,,
,,Coniopteris_trisecta,,,,,,,0,,,,,,,,,,,,,,,,Chlonova-1960,,,,
,,Coniopteris_venusta,,,,,,,0,,,,,,,,,,,,,,,,,,This appears to be one of the few Coniopteris actually aligned with tree ferns (Li_etal-2019),,
,,Coniopteris_weswaterensis,,,,Cyatheales,100,94,6,Cenomanian,,,,,,,,,,,Dakota Fm.,,,,Skog_Dilcher-1994,,,,
X,X,Culcita_emberi,,,,Culcitaceae,15.97,13.82,2.15,Middle Miocene,,,,,,,,,North America,Clarkia Beds,Emerald Creek locality (Univerdity of Idaho P-37),"Fertile foliage, sporangia, spores",UF 18630-61360 (holotype),"PAleobotanical Collection of the Florida Museum of Natural History, University of Florida",Pinson_etal-2018,"The oblique, complete annulus surely puts it within the Cyatheales.",,,
,,Cyathea_branneri,,,,,,,0,,,,,,,,,,,,,,,,cf. VillardeSoane-1999,Excluded based on Collinson-2001,,,
X,X,Cyathea_colombiensis,,,,Cyathea,3.6,2.5,1.1,Tertiary (Pliocene),,,,,,,,,Colombia,Colombia,"Palmas Member, Mesa Fm.",Fertile foliage,Coll. Boureau 3795,,Pons-1965,Age was based on dePorta-1965,"Affinities with Cyatheaceae, particularly with the Cyathea and Alsophila, but given classification it is not sensible to place within these particular genera as currently circumscribed.",,
X,X,Cyathea_cranhamii,,,,Cyatheaceae,129,125,4,Barremian,49.2726397,-124.8811399,-58.57,48.34,,Warm_temperate,,,British Columbia,"Apple Bay, Vancouver Island",Longarm Fm. equivalents,Sori,P13021 Hbot b (holotype),University of Alberta Paleobotanical Collections (UAPC-ALTA),Smith_etal-2003,,,,
X,X,Cyathea_cyathifolia,,,,Cyatheaceae,129,113,16,Late Barremian-Early Aptian,,,,,,,,,Patagonia,"Estancia Bajo Grande, Santa Cruz",Baquero Fm.,Fertile foliage,"BAPb 11479; BA Pb Pm 5135 coord: 34/95, BA Pb MEB 60 ","Museo Argentino de Ciencias Naturales “Bernardino R. Rivadavia”, División Paleobotánica",VillardeSoane-1996,"Affinities with Cyatheaceae genera according to Villar de Soane (1999). The oblique uninterrupted annulus puts it within the tree ferns, whereas  it shares the median position of the sori with the Cyatheaceae.",The name was changed to Cyathea cyathifolia by Villar de Soane (1999) (from Cladophlebis cyathifolia).,,
,,Cyathea_debilis,,,,,,,0,Thanethian,,,,,,,,,,,,,,,cf. VillardeSoane-1999,Excluded based on Collinson-2001,,,
X,X,Cyathea_divertens,,,,Cyathea,2.6,0.01,2.59,Pleistocene,,,,,,,,,,,,,,,,,,,
,X,Cyathea_fossilis,,,,Cyathea,99.6,88.6,11,Cenomanian-Turonian,56.0317197,52.2208346,55.99,50.17,,Warm_temperate/Boreo_tropical,,,Russia,"Kem River, 2 km below the mouth of B. Belaya River",Chulymo-Eniseisk Basin,Spores,3СФАН СССР No. 4/2,"Mining-Geolical Institute of Western Siberia, Academy os Sciences, USSR (?)",Chlonova_1960,cf. Traverse_Ames-1979. The same spot type of Cyatheam with three equatorial pores.,Compared to Cyathea medullaris,,
,X,Cyathea_inequilateralis,,,,Cyathea_NW,47.8,33.9,13.9,Middle to Late Eocene,,,,,,,,,Alaska,"Localities 3846, 11160, 11162",Kushtaka Fm.,Sterile foliage,USNM 38665 (holotype),United States National Museum,Wolfe-1977 (google books),,,,
X,X,Cyathea_juliverti,,,,Cyathea,3.6,2.5,1.1,Tertiary (Pliocene),,,,,,,,,Colombia,Colombia,Palmas de la Mesa Fm.,Fertile foliage,"Coll. Boureau 3787, 3791, 3864, 3885, 3790",,Pons-1965,Age was based on dePorta-1965,"Affinities with Cyatheaceae, particularly with the Cyathea and Alsophila, but given classification it is not sensible to place within these particular genera as currently circumscribed.",,
,,Cyathea_ordosica,,,,,,,0,,,,,,,,,,,,,,,,cf. VillardeSoane-1999,,,,
,X,Cyathea_paleospora,,,,Sphaeropteris,5.33,2.58,2.75,Pliocene,,,,,,,,,Australia,Bore 14747 at 216-218 ft.,Lachlan Fm,Spores,"Figs. 48-49, slide AM6469, coord. 72.7 x 33.9",Australian Museum,Martin-1976,cf. Ames and Spackman (1976) for a discussion on affinities. (google books),"Compared mostly to species of Sphaeropteris (cf. Ames and Spackman 1985, google books)",Hill_Macphail-1985 report presence and picture the spores in fig. 66-67. No further details are given.,
,X,Cyathea_pinnata,1,,,Cyathea_NW,47.8,41.2,6.6,Middle Eocene,,,,,,,,,North America,"Buckeye Flat, locality P3320",Chalk Bluffs flora,Sterile foliage,2143 (holotype),"U. C. Mus. Pal., Paleobot. Ser.",MacGinitie_1941,Originally described as Hemitelia pinnate. ,"This is the same species described as C.inequilateris by Wolfe-1977, but there are differences in lamina dissection. Thus, I optimistically consider this as a different species.",,
,,Cyathea_plenasiaeformis,,,,,,,0,Thanethian,,,,,,,,,,,,,,,cf. VillardeSoane-1999,Excluded based on Collinson-2001,,,
,X,Cyathea_porospora,,,,Sphaeropteris,5.33,2.58,2.75,Pliocene,,,,,,,,,Australia,,Lachlan Fm,Spores,"AM6464, 76.2, 40.4, figs 19-20",Australian Museum,Martin-1973,cf. Ames and Spackman (1976) for a discussion on affinities. (google books),Directly comparable to S aeneifolia by the presence of pores at the end of the laesurae,,
,X,Cyathea_siwalika,,,,Cyatheaceae,3.6,2.5,1.1,Pliocene-Pleistocene,,,,,,,,, India (eastern Himalaya),"Pampure district, Arunachal Pradesh",Kimin Fm.,Stem,CUH/PPL/IB7/TF/1 (holotype),"Herbarium and Museum of the Department of Botay, University of Calcutta (CUH)",Bera_etal-2014,"Affinities with Cyatheaceae, particularly with the Cyathea (but see circumscription)",,,
,X,Cyathea_sp,,,,Cyathea,23.03,15.97,7.06,Lower Miocene,,,,,,,,,Central America,Panama,Culebra Fm.,Spores,"Pan core 456, slide 3, ESF M-16, 1-2-8, 9. Pan core 456, slide 3, ESF B-13, 304 ",Palynology collections at Kent State University,Graham-1988,,,,
,,Cyathea_sp,,,,,,,0,,,,,,,,,,,,,,,,A. Graham. 1988. Studies in Neotropical Paleobotany. V. The Lower Miocene Communities of Panama - The Culebra Formation. Annals of the Missouri Botanical Garden 75:1440-1466,J. M. K. Sniderman. 2011. Early Pleistocene vegetation change in upland south-eastern Australia. Journal of Biogeography 38(8):1456-1470,R. J. Burnham. 1994. Paleoecological and Floristic Heterogeneity in the Plant-Fossil Record - An Analysis Based on the Eocene of Washington. United States Geological Survey Bulletin 2085-B:1-36,,
X,X,Cyathea_sp_Graham,,,,Cyathea,33.9,27.82,6.08,Lower Oligocene,,,,,,,,,Puerto Rico,Localities B and C (Lares and Collazo Quebrada),San Sebastian Formation,Spores,"C-43,15; ESF B-4","Palynology Laboratory, Kent State University",Graham_Jarzen-1979,,,,
X,X,Cyathea_type1,,,,Cyathea_NW,23.3,2.58,20.72,Miocene-Pliocene,-17.183333,-66.033333,-18.64,-64.02,,Tropical,,,"Eastern Cordillera, Bolivia",Pislepampa locality of E.W. Berry,Pislepampa flora,Spores,"ESF E-42, 2",palynological collections at Kent State University,Graham_et al-2001,The morphology shows resemblance also the Alsophila.,,,
X,X,Cyathea_type2,,,,Cyathea_NW,23.3,2.58,20.72,Miocene-Pliocene,-17.183333,-66.033333,-18.64,-64.02,,Tropical,,,"Eastern Cordillera, Bolivia",Pislepampa locality of E.W. Berry,Pislepampa flora,Spores,ESF E-34,palynological collections at Kent State University,Graham_et al-2001,The distinctive morphology of the spore closely resembles that observed for neotropical Sphaeropteris by Gastony and Tryon (1976) — which all belong in Cyathea and are distinct from the S. horrida group.,,,
,,Cyathea_tyrmensis,,,,,,,0,,,,,,,,,,,,,,,,cf. VillardeSoane-1999,,,,
X,X,Cyatheacidites_annulatus,70,15.97,112.6,Lophosoria,27.82,20.44,7.38,Oligocene-Early Miocene,,,,,,,,,Tasmania,Mt. Balfour,Balfour Sediments,"Fertile foliage, with sporangia and spores",Plate 1,?,Hill_etal-2001,The morphology fits perfectly with extant Lophosoria,,,
X,X,Cyatheacidites_annulatus_Kerguelen,,,,Lophosoria,23.03,5.333,17.697,Miocene,-49.1453795,69.5568466,-48.29,68.55,,Warm_temperate,,,"Kerguelen, South Indian Ocean",Waterfall Gorge,,Spores,"Sample 85a. Neotype_ B411/8, L39/1, P181685.","British Australian New Zealand An arctic Research Expedition, 1929-1931 (BANZARE) Collection (Museum of Victoria)",Dettmann-1986,This records is based on the Dettmann’s description of the Cookson’s type material from Kerguelen.,,,
,X,Cyatheacidites_archangelskyi,5,70.6,99.7,Lophosoria,113,100.5,12.5,Late Albian,,,,,,,,,Antartica,"1 k north of Lewis Hill, James Ross Island",Whiskey Bay Fm.,Spores,"Sample D3006.2; X220/3, f26/4, Y.4852; x220/3, X44/0, Y.4853.","Micropalaeontological collection of the Department of Geology and Mineralogy, University of Queensland",Dettmann-1986,,,,
,X,Cyatheacidites_botuliformis,4,66,109,Lophosoria,83.6,72.1,11.5,Campanian,,,,,,,,,Antartica,"Lachman Crags, James Ross Island",,Spores,Sample 8665. Holotype: Y.4854,"Micropalaeontological collection of the Department of Geology and Mineralogy, University of Queensland",Dettmann-1986,,,,
,X,Cyatheacidites_tectifera,7,109,112,Lophosoria,125,113,12,Late Aptian-Early Albian,,,,,,,,,Patagonia,"Tar, San Martín y Cardiel",Kachaike Fm.,Spores,,Colección Palinológica de la División Paleobotánica del Museo Argentino de Ciencias Naturales “B. Rivadavia,Archangelski_Llorens-2003,,,,
,,Cyatheacidites_tectifera,,,,Lophosoria,125,113,12,Aptian,,,,,,,,,Patagonia,"Anfiteatro de Tico, Bajo del Tigre",Baquero Fm.,Spores,?,Paleobotany Collection of the Natural Science Museum of La Plata,Kurmann_Taylor-1987,"cf. S. Archangelsky and J. C. Gamerro. 1965. Estudio Palinológico de la Formación Baqueró (Cretácico), Provincia de Santa Cruz I. Ameghiniana 4(5):159-170",Excluded based on the more complete record in Archangelsky_Llorens-2003,,
,X,Cyatheales_indet_Vera,,,,Cyatheales,125,113,12,Aptian,-62.0554824,-58.0113489,-63.39,-48.39,,Warm_temperate,,,Antartica,"Rotch Dome, Byers Peninsula, South Shetland Islands",Cerro Negro Fm.,Stems,"BA PB 14977 (microscope slides BA Pb Pm 631-634), BA PB 14978 (microscope slides BA Pb Pm 635-637)","Museo Argentino de Ciencias Naturales “Bernardino R. Rivadavia”, División Paleobotánica",Vera-2015,"Affinities with Cibotiaceae, but inconclusive.",A phylogenetic analyses might be possible based on the table of characters presented in Vera & Cesari 2018.,,
,,Cyatheaoides_thyrsopteroides,,,,,,,0,Lower Miocene,,,,,,,,,Chile,Curanilahue,,,,,Berry_1922,,,,
,X,Cyathidites_australis,,11.6,130,Cyatheales,145,100.5,44.5,Lower Cretaceous,22.9315547,78.7783746,-39.21,56.46,,Warm_temperate,,,India,"Madhya Pradesh, 2-3 furlongs NE of Sehora (Sher River)",Jabalpur Series,Spores,SI No. 28724-13,,Dev-1961,Lower Cretaceous according to Singh-1966,,,
X,X,Cyathidites_minor,,5.3,164.7,Cyatheales,130,125,5,Barremian,,,,,,,,,North America,"Drewrys Bluff, James River, Virginia",Patuxent Fm.,Sporangia,"Slide St. 31B, coordinates 32.2-114.1; St. 26",,Brenner-1963,cf. Archangelsky & Llorens 2003,Oblique annulus,,
,X,Cyathidites_patagonicus,,23.03,112.6,Cyatheales,125,113,12,Late Aptian-Early Albian,,,,,,,,,Patagonia,"Tar, San Martín y Cardiel",Kachaike Fm.,Spores,"BA Pb Pal 5587, 5590, 5592, 5593, 5595 y 5601",Colección Palinológica de la División Paleobotánica del Museo Argentino de Ciencias Naturales “B. Rivadavia,Archangelski_Llorens-2003,S. Archangelsky. 1973. Palinología del Paleoceno de Chubut. I. Descripciones Sistemáticas. Ameghiniana 10(4):339-399,,,
X,X,Cyathocaulis_naktongensis,,,,Cyatheaceae,133.9,130,3.9,Hauterivian,,,,,,,,,Korea,North Kyong Sang Province,,Stem,Specimen 2B (lectotype),University Museum of the University of Tokyo,Nishida-1989,"Affinities within the Cyatheaceae. According to Stockey & Rothwell (2004) and Lantz et al. (1999), the fossil can be attributed to stem Cyatheaceae.",A phylogenetic analyses might be possible based on the table of characters presented in Vera & Cesari 2018. Also a useful table in Vera & Herbst (2015),"Nishida, H. and Tanaka, K. 1982. Anatomical studies of Cyathocaulis naktongensis Ogura from central Honshu, Japan. Bull. Nat. Sci. Mus. Ser. C (Geol. and Paleontol.) 8: 19-30.","Nishida, H. 1989. Structure and affinities of the petrified plants from the Cretaceous of Japan and Saghalien. V. Tree fern stems from Hokkaido,Paracyathocaulisogurae gen. et comb. nov. and Cyathocaulis yezopteroides sp. nov. Bot. Mag. (Tokyo) 102: 255-282."
X,X,Cyathocaulis_nihei-takagii,,,,Cyatheaceae,130,112,18,Barremian-Aptian,,,,,,,,,Japan,Chiba,,Stem,1005,"Laboratory of Phylogenetic Botany, Faculty of Science, Chiba University",Nishida-1989,"Affinities within the Cyatheaceae. According to Stockey & Rothwell (2004) and Lantz et al. (1999), the fossil can be attributed to stem Cyatheaceae.",A phylogenetic analyses might be possible based on the table of characters presented in Vera & Cesari 2018. Also a useful table in Vera & Herbst (2015),"Nishida, H. and Nishida, M. 1983. On some petrified plants from the Cretaceous of Choshi, Chiba Prefecture. VII. Bot. Mag. (Tokyo) 9 6 93-101. ",
X,X,Cyathocaulis_yabei,,,,Cyatheaceae,145,66,79,Cretaceous,,,,,,,,,Philipinnes,Mindoro Island,,Stem,,University Museum of the University of Tokyo,Nishida-1989,"Affinities within the Cyatheaceae. According to Stockey & Rothwell (2004) and Lantz et al. (1999), the fossil can be attributed to stem Cyatheaceae.",A phylogenetic analyses might be possible based on the table of characters presented in Vera & Cesari 2018. Also a useful table in Vera & Herbst (2015),"Ogura, Y. 1941b. Additional notes on the structure of fossil tree ferns. Bot. Mag. (Tokyo) 55 (658):453-461. 
","Ogura, Y. 194la. On the structure of a fossil tree fern stem from Mindoro, Philippine Islands. Jubilee Publication for Professor Yabe; Contrib. Bot. Inst. Fac. Sci. Imperial Univ. Tokyo 241: 911-917 
"
X,X,Cyathocaulis_yezopteroides,,,,Cyatheaceae,85.8,83.5,2.3,Santoniana,,,,,,,,,Japan,"Horodatezawa, Tomamae-machi, Tomamae Province",Upper Yezo Group,Stem,NSM PP7558 (holotype),"National Science Museum Tokyo; Laboratory of Phylogenetic Botany, Faculty of Sciences, Chiba University",Nishida-1989,"Affinities within the Cyatheaceae. According to Stockey & Rothwell (2004) and Lantz et al. (1999), the fossil can be attributed to stem Cyatheaceae.",A phylogenetic analyses might be possible based on the table of characters presented in Vera & Cesari 2018. Also a useful table in Vera & Herbst (2015),,
X,X,Cyathodendron_texanum,,,,Thyrsopteridaceae,41,33,8,Late Eocene,,,,,,,,,North America,,Texas,,,"Arnold, C.A. 1945. Silicified plant remains from the Mes- ozoic and Tertiary of western North America. Mich. Acad. Sci., Arts and Letters 30:3-34. ",Arnold-1945,"Affinities within the Thyrsopteridaceae. According to Stockey & Rothwell (2004) and Lantz et al. (1999), the fossil nests is sister to extant Thyrsopteris.",A phylogenetic analyses might be possible based on the table in Vera & Herbst (2015),,
,X,Cyathorachis_fujiana,,,,Cyatheaceae,89.6,66,23.6,Upper Cretaceous (Senonian),43.0097654,142.0961168,50.7,145.84,,Warm_temperate,,,Japan,"Oh-Yubari, Yubari City, Hokkaido",Upper Ezo Group,Stem,Specimen A (lectotype),University Museum of the University of Tokyo,Nishida-1981,,,,
,X,Cyathorachis_yubariensis,,,,Cyatheaceae,89.6,66,23.6,Upper Cretaceous (Senonian),43.0097654,142.0961168,50.7,145.84,,Warm_temperate,,,Japan,"Oh-Yubari, Yubari City, Hokkaido",Upper Ezo Group,Stem,73715 (holotype),"Laboratory of Phylogenetic Botany, Faculty of Science, Chiba University",Nishida-1981,,,,
,X,Cyathorachis_yudzuru-ogurae,,,,Cyatheaceae,89.6,66,23.6,Upper Cretaceous (Senonian),43.0097654,142.0961168,50.7,145.84,,Warm_temperate,,,Japan,"Ikushumbetsu, Mikasa City",Upper Ezo Group,Stem,Specimen B,University Museum of the University of Tokyo,Nishida-1981,,,,
,,Delosorus_macrocarpa,,,,,,,0,,,,,,,,,,,,,,,,,,,,
X,X,Dentropteridium_cyatheoides,,,,Cyatheaceae,23,3,20,Late Tertiary,,,,,,,,,Kenya,Mount Elgon,Volcanic agglomerate near Mount Elgon,Stem,v. 20739 ,British Museum (Natural History),Bancroft-1932,"Affinities within the Cyatheaceae. According to Stockey & Rothwell (2004) and Lantz et al. (1999), the fossil nests well within the Cyatheaceae, but resolution does not allow for further detail.",A phylogenetic analyses might be possible based on the table of characters presented in Vera & Cesari 2018. Also a useful table in Vera & Herbst (2015),,
,,Dicksonia_antartica,,,,,,,0,,,,,,,,,,,,,,,,,"G. J. Jordan, M. K. Macphail, and R. Barnes, R. S. Hill. 1995. An Early to Middle Pleistocene Flora of Subalpine Affinities in Lowland Western Tasmania. Australian Journal of Botany 43(2):231-242",,,
,,Dicksonia_ascendens,,,,,,,0,,,,,,,,,,,,,,,,,"W. Karaszewski. 1965. O srodkowoliasowym wieku flory z Chmielowa pod Ostrowcem i jej znaczeniu dla stratygrafii kontynentalnej jury [On the Middle Liassic age of the flora from Chmielow, near Ostrowiec (central Poland) and its significance for stratigraphy of the continental Jurassic]. Kwartalnik Geologiczny 9(2):261-270",,,
,X,Dicksonia_bulbacea,,,,Dicksonia/Calochlaena,99.6,66,33.6,Upper Cretaceous,,,,,,,,,Russia,"Yakutia, Tyung",Lindel Fm,Spores,ГИН АН СССР No. 3530/405,"Mining-Geolical Institute of Western Siberia, Academy os Sciences, USSR (?)",Bolochotinova_1959,,Compared to Dicksonia arborescense. Based on the morphology of the exile it compares to either Dicksonia or Calochlaena — figures in Gastony_1981 under Culcita.,,
,,Dicksonia_buvignieri,,,,,,,0,,,,,,,,,,,,,,,,,,,,
,X,Dicksonia_densa,,,,Dicksonia/Calochlaena,99.6,66,33.6,Upper Cretaceous,,,,,,,,,Russia,"Yakutia, Tyung",Linden and Timerdemy Fm (border),Spores,"стр. 31, табл. 111, рис. 11","Mining-Geolical Institute of Western Siberia, Academy os Sciences, USSR (?)",Bolochotinova_1959,cf. Bolchotinova_1953 (google books),Compared to Dicksonia arborescense. Based on the morphology of the exile it compares to either Dicksonia or Calochlaena — figures in Gastony_1981 under Culcita.,,
,X,Dicksonia_dissecta,,,,Dicksonia/Calochlaena,38,34,4,Early Oligocene,,,,,,,,,Tasmania,Little Rapid River,,Fertile foliage,LRR2 261 (holotype),"Department of Plant Science, University of Tasmania",Jordan_etal-1995,"A broad circumscription of the Dicksoniaceae is used, only excluding Thyrsopteridaceae. But assignment to Dicksonia based on sori and spores.",,,
,X,Dicksonia_dubia,,,,Dicksonia/Calochlaena,100,94,6,Cenomanian,,,,,,,,,Russia,"Southern Urals, left bank of the Ayat settlement, against the settlement of Novonikolayevskogo",,Spores,ИГН АН СССР No. 3527/41,"Mining-Geolical Institute of Western Siberia, Academy os Sciences, USSR (?)",Bolchotinova_1953 (google books),"There are some doubts on the “holotype” referred in the original (see compilers preface of Traverse_Ames-1979). In this case, the specimen number is the same for Dicksonia dubia and Hemitelia mirabilis. Possibly, this reflects the presence of multiple spores in the same sample.",The morphology excludes it from Lophosoria.,,
,X,Dicksonia_kendalliae,,,,Core_tree_ferns,170,168,2,Bajocian,54.3140449,-0.521423,32.08,19.81,,Warm_temperate,,,UK,"Beast Cliff “E. columnare bed”, Cayton Bay “Gristhorpe bed”",Saltwick & Cloughton Fm.,Spores,"v.31079 $1, 39258, v.31075 (holotype), v.31081, v.31086-7",British Museum (Natural History),vanKonijnenburg-1989,"The author assigned these fossils to the Dicksoniae (incl. Cibotium, Culcita subgenus Calochlaena, Cystodium, Dicksonia). Thus the assignment to the Dicksoniaceae is not justified. Hence I accept these fossils as members of the core tree ferns.",,,
,X,Dicksonia_lanatiformis,,,,Dicksonia/Calochlaena,99.6,88.6,11,Cenomanian-Turonian,56.0317197,52.2208346,55.99,50.17,,Warm_temperate/Boreo_tropical,,,Russia,"Chulym River, around village of Suchkovo",Chulymo-Eniseisk Basin,Spores,3СФАН СССР No. 1/8-III,"Mining-Geolical Institute of Western Siberia, Academy os Sciences, USSR (?)",Chlonova_1960,cf. Traverse_Ames-1979,Compared to Dicksonia lanata,,
X,X,Dicksonia_mariopteris,,,,Core_tree_ferns,170,168,2,Bajocian,,,,,,,,,UK,"Roseberry Topping, Hasty Bank",Saltwick Fm.,Spores,"v.32252 $1 (type specimen), v.32252, v.56792, v.60980A",British Museum (Natural History),vanKonijnenburg-1989,"The author assigned these fossils to the Dicksoniae (incl. Cibotium, Culcita subgenus Calochlaena, Cystodium, Dicksonia). Thus the assignment to the Dicksoniaceae is not justified. Hence I accept these fossils as members of the core tree ferns.",,,
,,Dicksonia_oregonensis,,,,"S. Ash. 1991. A new Jurassic Phlebopteris (Plantae, Filicales) from the Wallowa terrane in the Snake River Canyon, Oregon and Idaho. Journal of Paleontology 65(2):322-329",,,0,,,,,,,,,,,,,,,,,,,,
,X,Dicksonia_patagonica,,,,Core_tree_ferns,23.03,5.333,17.697,Miocene,,,,,,,,,Patagonia,Rio Pichileufu,,Fertile and sterile foliage,Plate 7,,Berry-1938,Broad circumscription of Cyatheacae. Affinities with Dicksonia and Cibotium.,Berry assigns the fossil to Dicksonia ‘in a somewhat wide sense’,According to Collinson (2001) the age is uncertain and the affinities not clear (which certainly follows the original description).,
,,Dicksonia_sp,,,,"A. P. Kershaw, S. C. Bretherton, and S. van der Kaars. 2007. A complete pollen record of the last 230 ka from Lynch's Crater, north-eastern Australia. Palaeogeography, Palaeoclimatology, Palaeoecology 251(1):23-45",,,0,,,,,,,,,,,,,,,,,,,,
X,X,Dicksonia_sp_Bertoli-Cunha,,,,Dicksonia,48,41,7,Middle Eocene (Lutetian),,,,,,,,,Antartica,"Monte Wawel, King George Island",Vieville Glacier Fm.,Fertile pinnule,ANTF 26-014,Museu de Paleontologia da UNISINOS,BertoliCunha_etal-2008,"Affinities with the Dicksoniaceae, specially Dicksonia",,,
,X,Dicksonia_verrucosa,,,,Cibotiaceae,99.6,88.6,11,Cenomanian-Turonian,56.0317197,52.2208346,55.99,50.17,,Warm_temperate/Boreo_tropical,,,Russia,"Kem River, around the village of Cherkasy",Chulymo-Eniseisk Basin,Spores,3СФАН СССР No. 1/8-II,"Mining-Geolical Institute of Western Siberia, Academy os Sciences, USSR (?)",Chlonova_1960,cf. Traverse_Ames-1979,Compared to Dicksonia sellowiana. But the morphology resembles Cibotium more than Dicksoniaceae. This is base on the similarity in perine and exine pitting figured in Gastony_1981b ,,
,X,Eboracia_lobifolia,,,,Core_tree_ferns,170,166,4,Bajocian-Bathonian,,,,,,,,,UK,"Cayton Bay “Gristhorpe bed”, Roseberry Topping",Ravenscar Gr.,Spores,"v.31092A $1, v.28476, v.29222, v.31097, v.31099, v.31100, s.1179 (Yor-15)",British Museum (Natural History),vanKonijnenburg-1989,"The author assigned these fossils to the Dicksoniae (incl. Cibotium, Culcita subgenus Calochlaena, Cystodium, Dicksonia). Thus the assignment to the Dicksoniaceae is not justified. Hence I accept these fossils as members of the core tree ferns.",,,
,X,Eocyathea remesaliae,,,,Cyatheaceae,125,113,12,Aptian,-62.0554824,-58.0113489,-63.39,-48.39,,Warm_temperate,,,Antartica,South Shetland Islands,Cerro Negro Fm.,Fertile foliage,BAPb 13347 (holotype),"Museo Argentino de Ciencias Naturales “Bernardino R. Rivadavia”, División Paleobotánica",Cesari-2006,"Affinities with the Cyatheaceae, but no further assignment to genera is possible.",,,
X,X,Heilongjiangcaulis_keshanensis,,,,Cyatheaceae,100,66,34,Cenomanian-Masstrichtian,,,,,,,,,China,"Henan Village, Keshan County, Wiqihar City",Quantou-Mingshui Fm.,Stems,P2955 (holotype),Geological Museum of China,Cheng_Yang-2018,"Affinities with the Cyatheaceae, but no further assignment to genera is possible.",A phylogenetic analyses might be possible based on the table of characters presented in Vera & Cesari 2018.,,
,,Hemitelia_branneri,,,,"A. Hollick and E. W. Berry. 1924. A Late Tertiary flora from Bahia, Brazil. The Johns Hopkins University Studies in Geology 5:11-137",,,0,,,,,,,,,,,,,,,,,,,,
X,X,Hemitelia_karsteniana,,,,Cyathea,100,94,6,Cenomanian,,,,,,,,,Russia,"Southern Urals, left bank of the Ayat settlement, against the settlement of Novonikolayevskogo",,Spores,,"Mining-Geolical Institute of Western Siberia, Academy os Sciences, USSR (?)",Bolchotinova_1953 (google books),"Based on the morphology, with three equatorial pores.",,,
,,Hemitelia_sp,,,,Cyathea,,,0,Oligocene,,,,,,,,,Antilles,Puerto Rico,,,,,Graham_Jarzen-1969,,,,
,,Hemitelia_sp,,,,Cyathea,,,0,Miocene,,,,,,,,,Mexico,,,,,,Graham-1976,,,,
,,Hemitelia_sp,,,,Cyathea,,,0,Early Miocene,,,,,,,,,Central America,Costa Rica,,,,,Graham-1988,,,,
X,X,Hemitelia_sp_Graham,,,,Cyathea_NW,33.9,27.82,6.08,Lower Oligocene,,,,,,,,,Puerto Rico,Locality C (Collazo Quebrada), San Sebastian Formation,Spores," C-48,1; ESF 0-31,1","Palynology Laboratory, Kent State University",Graham_Jarzen-1979,Charcateristic Cnemidaria-type spore morphology. ,,,
,,Hemitelia_type,,,,Cyathea,,,0,Late Tertiary,,,,,,,,,Antilles,Trinidad,,,,,Kuyl_etal-1955,,,,
X,X,Kuylisporites_aduncus,,,,Cyathea,100.5,66,34.5,Late Cretacous,,,,,,,,,North America,"Monmouth County, New Jersey",Mt. Laurel and Navesink Fm,Spores,"Pb-9445-8, 98.4 x 6.8, Plate 5, fig. 2",Michigan State University Herbarium,Waanders-1974,Synonym with K scutatus. Characteristic Cnemidaria-type spore morphology.,,,
,,Kuylisporites_hamulatis,,,,Cyathea,83.6,66,17.6,Campanian-Maastrichtian,,,,,,,,,Europe,East Germany,Nennhausen 2 borehole,Spores,,,Krutzsch-1965,No description for the fossil.,,,
,,Kuylisporites_lunaris,,,,,145,99.6,45.4,Neocomian-Albian,,,,,,,,,Australia,"Bellatine Peninsula, Barrabool hills, Wonthaggi State Coal mine, Kirrak, Tyers River",,Spores,Given only as records,,Cookson_Dettmann-1967,"A. M. Omran, H. A. Soliman, and M. S. Mahmoud. 1990. Early Cretaceous palynology of three boreholes from northern Western Desert (Egypt). Review of Palaeobotany and Palynology 66:293-312","Felix_Burbridge-1988 exclude this fossil from the genus, based on the absence of the pits on the three radial depressions. The",,
X,X,Kuylisporites_mirabilis,,,,Cyathea,100,94,6,Cenomanian,,,,,,,,,Russia,"Southern Urals, left bank of the Ayat settlement, against the settlement of Novonikolayevskogo",,Spores,ИГН АН СССР No. 3527/41,"Mining-Geolical Institute of Western Siberia, Academy os Sciences, USSR (?)",Bolchotinova_1953 (google books),cf. Mohr_Lazarus-1994,"There are some doubts on the “holotype” referred in the original (see compilers preface of Traverse_Ames-1979). In this case, the specimen number is the same for Dicksonia dubia and Hemitelia mirabilis. Possibly, this reflects the presence of multiple spores in the same sample.",Originally as Hemitelia mirabilis (Bolchotinova 1953),"A very interesting observation on the ‘Hemitelia-type’ spore morphology was made by Selling, 0 . H. (1946, Studies in Hawaiian pollen statistics. Part I . The spores of the Hawaiian pteridophytes. 87 pp., 7 pls. Bishop Museum, Honolulu, Hawaii), who observed the same  morphology in Hawaiian Cibotium (plate 4, fig. 70) —although he referred to it as abnormal. 
Given that no Cyathea inhabits Hawaii, contamination is quite improbable."
,,Kuylisporites_multipori,,,,,,,0,Early Albian,,,,,,,,,Europe,Spain,,,,,"Busnardo,R. et al. (1964) Vegetative intercalations in the Albian Detritus Formation of the Villares (Jaen, Andalousie). [ Intercalations vegetales dans le Flysch Albien de los Villares (Jaen,Andalousie). ] Revue de Micropal©ontologie Vol. 7 # 3 P. 164- 179",,,,
,,Kuylisporites_scutatus,,,,Cyathea,83,56,27,Campaniana-Paleocene,,,,,,,,,North America,Colorado,,,,,"Newman_1964, Newman_1965, Evitt_1973, Beeson_1992",cf. Mohr_Lazarus-1994,"Newman,K.R. (1965) Upper Cretaceous-Paleocene guide palynomorphs from Northwestern Colorado. University of Colorado Studies,Series in Earth Sciences (Boulder).",,
X,X,Kuylisporites_separatus,,,,Cyathea,72,56,16,Maastrichtian-Paleogene,56.0317197,52.2208346,54.34,47.31,,Warm_temperate/Boreo_tropical,,,Russia,"Teulches Creek, 50 mk above its mouth",Chulymo-Eniseisk Basin,Spores,3СФАН СССР No. 12,"Mining-Geolical Institute of Western Siberia, Academy os Sciences, USSR (?)",Chlonova_1960,cf. Mohr_Lazarus-1994,Originally described as Hemitelia separata (cf. Traverse_Ames-1979),,
X,X,Kuylisporites_walterbolkii,,,,Cyathea,48,41,7,Middle Eocene,,,,,,,,,Antartica,"Bruce Bank, South Orkney Islands",Chiasmolithus gigas subzone and Nannotetrina quadrata zone,Spores,"IO1578-59 (piston core), 26-28 cm slide B, 123-125 cm slide D",Antarctic Research Facility,Mohr_Lazarus-1994,"Assigned to Cnemidaria based on spore morphology, but characters are also present in Cyathea decurrens (cf. Ramírez-Barahona et al. 2016)",,,
,,Kuylisporites_walterbolkii,,,,Cyathea,,,0,Eocene,,,,,,,,,Australia,,,,,,Stover_Evans-1973,,,,
,,Kuylisporites_walterbolkii,,,,Cyathea,,,0,Late Oligocene-early Miocene,,,,,,,,,New Zealand,,,,,,Pocknall_Mildenhall-1984,,,,
,X,Kwazulupteris_schaarschmidtii,,,,Core_tree_ferns,113,90,23,Albian-Turonian,,,,,,,,,South Africa,"Hluhluwe District, Natal",Mzinene Fm.,,SM.B 20628 (holotype),Paleobotanical Collection of the Forschungsinstitut Senckenberg ,Vera_Herbst-2015,,A phylogenetic analyses might be possible based on the table of characters presented in Vera & Cesari 2018. Also a useful table in Vera & Herbst (2015),,
,X,Kylispirites_arguta,,,,Cyatheales,170,168,2,Bajocian,54.3140449,-0.521423,32.08,19.81,,Warm_temperate,,,UK,"Cloughton Wyke “Solenites bed”, Brandsale, Clayton Bay “Gristhorpe bed”","Yorkshire, Cloughton, Saltwick Fm.",Spores,"v.3677, v.35335, v.56798",British Museum (Natural History),vanKonijnenburg-1989,"The author suggests an uncertain position Amon the the Dicksoniae (incl. Cibotium, Culcita subgenus Calochlaena, Cystodium, Dicksonia) and the Thyrsopteridea (Thyrsopteris). Hence I accept these fossils as members of Cyatheales.",,,
,X,Lophosoria_antarctica,,,,Lophosoria,66,33.9,32.1,Eocence-Paleocene (?),,,,,,,,,Antartica,"Cerro Fósil, King George Island",Fildes FM.,Sterile foliage,ANTCF-51,"Instituto Antártico Chileno, Facultad de Ciencias  Agrarias y Forestales, Universidad de Chile",Torres_Meon-1993,,,,
X,X,Lophosoria_cupulatus,,,,Lophosoria,125,113,12,Aptian,-62.0554824,-58.0113489,-63.39,-48.39,,Warm_temperate,,,Antartica,"Snow Island, Shetland Islands",Cerro Negro Fm.,Fertile pinnule,P.2501.69a (holotype),British Antarctic Survey collections,Cantrill-1998,"Affinities with the Lophosoriaceae, and best placed in Cyatheacidites annulatus. The latter shows great affinity to Lophosoria (Kurmann & Taylor 1987)",,,
X,X,Lophosoria_falsa,,,,Lophosoria,112,99.6,12.4,Albian,45.9350697,59.553188,62.92,45.51,,Boreo_tropical,,,Russia,"The northern shore of the Aral Sea, in the south of the Kulandy Peninsula ",,Spores,"sl. 1, arr. 12, ИГН АН СССР no. 3527/26","Mining-Geolical Institute of Western Siberia, Academy os Sciences, USSR (?)",Bolchotinova_1953 (google books),"There are some doubts on the “holotype” referred in the original (see compilers preface of Traverse_Ames-1979). In this case, the specimen number is the same for Lophosoria falsa and Alsophila arctua. Possibly, this reflects the presence of multiple spores in the same sample.",Compared to Lophosoria quadripinnata,,
,,Lophosoriorachis_japonica,,,,,,,0,,,,,,,,,,,,,,,"Nishida, H. 1982. Lophosoriorhachisjaponica n.gen. et sp., from the Upper Cretaceous of Choshi, Chiba Prefecture, Japan. Palaeontographica8181 118-122.",Nishida-1982,,,,
X,X,Loxsomopteris_anasilla,1,,,Loxomataceae,129.4,113,16.4,Barremain or Aptian,38.9938477,-76.9376246,29.33,-24.63,,Boreo_tropical,,,North America,"Paint Branch, USNM locality 14212","Potomac Group, Patuxent Fm.",Stem,"USNM 208539, a , b, c 1-21","Paleobotany  Collections, US National Museum of Natural History",Skog-1976,"J. E. Skog. 1976. Loxsomopteris anasilla, a New Fossil Fern Rhizome from the Cretaceous of Maryland. American Fern Journal 66(1):8-14",,,
,X,Natalipteris_widei,,,,Core_tree_ferns,113,90,23,Albian-Turonian,,,,,,,,,South Africa,"Hluhluwe District, Natal",Mzinene Fm.,Stem,"SM.B 20635 (holotype), SM.B 20633",Paleobotanical Collection of the Forschungsinstitut Senckenberg ,Vera_Herbst-2015,,A phylogenetic analyses might be possible based on the table of characters presented in Vera & Cesari 2018. Also a useful table in Vera & Herbst (2015),,
X,X,Nishidacaulis_burgii,,,,Cibotiaceae,41,28,13,Upper Eocene-Lower Oligocene,,,,,,,,,North America,"Northwestern Nebraska, southeast of Ardmore ",Chadron Fm.,Stem,5101 (holotype),Brigham Young University,Tidwell_Nishida-1993,"Affinities with the Cyatheaceae, but note the broad circumscription of the family. Lantz et al. (1999) place it separate to living Cibotium barometz, in a clade including Metaxya rostrata.",A phylogenetic analyses might be possible based on the table of characters presented in Vera & Cesari 2018. Also a useful table in Vera & Herbst (2015),Cibotiaceae/Metaxyaceae according to the phylogenies in Lantz et al. 1999,
X,X,Oguracaulis_banksii,,,,Thyrsopteridaceae,163,100,63,Late Jurassic-Early Cretaceous,,,,,,,,,Tasmania,Ida Bay,,Stem,"Z2286 (holotype), 3258 (paratype)",Tasmanian Museum and Art Gallery; Brigham Young University (paratype),Tidwell_etal-1989,"Affinities within the Thyrsopteridaceae. According to Stockey & Rothwell (2004) and Lantz et al. (1999), the fossil nests is sister to extant Thyrsopteris.",A phylogenetic analyses might be possible based on the table of characters presented in Vera & Cesari 2018. Also a useful table in Vera & Herbst (2015),,
,X,Oncopteris_nettwallii,,,,Cyatheales,100,93,7,Cenomanian,,,,,,,,,Europe,Kounice,Peruc-Korycany Fm.,Stem,NMP F1514 ,"National Museum, Prague",Gregus_etal-2013,,,,
,,Onychiopsis_psilotoides,,,,,,,0,,,,,,,,,,,,,,,,,,,,
,X,Paracyathocaulis_ogurae,,,,Cyatheaceae,93.6,85.8,7.8,Turonian-Coniacian,,,,,,,,,Japan,"Komanosawa, Nakagawa-machi, Teshio Province","Saku Fm., middle Yezo Group",Stem,30450 (holotype),"Nakagawa-machi Municipal Museum; Institute of Geosciences, Tsukuba University",Nishida-1989,,,,
,X,Protocyathea_cretaceae,,,,Cyatheales,89,66,23,Senonian,,,,,,,,,Europe,"Westphalia, Germany",,,,,cf. Jacob-1937,"Affinities with Cyatheaceae, but probable broad circumscription of the family. Thus, I assign the fossils to the Cyatheales.",,,
,X,Protocyathea_cyatheoides,,,,Cyatheales,140,129,11,Neocomian,,,,,,,,,Europe,"Ischl, Austria",,,,,cf. Jacob-1937,"Affinities with Cyatheaceae, but probable broad circumscription of the family. Thus, I assign the fossils to the Cyatheales.",,,
,X,Protocyathea_rajmahalense,,,,Cyatheales,163.5,145,18.5,Upper Jurassic ?,25.1481626,87.4063163,-45.48,56.94,154.25,Warm_temperate,158.4,Late Jurassic(Oxfordian),India,"Sakrigali, Behar",Rajmahal series,Stem,E 188-191,Museum of the Geological Survey of India,Jacob-1937,"Affinities with Cyatheaceae, but probable broad circumscription of the family. Thus, I assign the fossils to the Cyatheales.",,,
,,Protocyathea_tokunagai,,,,Cyatheales,89,66,23,Senonian,,,,,,,,,Japan,,,,,,cf. Jacob-1937,,,,
,,Protocyathea_trichinopoliensis,,,,Cyatheales,100,93,7,Cenomanian,,,,,,,,,India,Trichinopoly,Utatur Group ?,,,,cf. Jacob-1937,,,,
,,Protopteris_cottai,,,,Cyatheales,145.5,66,79.5,Cretaceous (?),,,,,,,,,Europe,"Grossenhain in Sachsen, Germany",,Stem,Only plates (in Rao-1945) and drawings (in Corda-1845),,Corda-1845,Rao-1934,,,
,,Protopteris_laubei,,,,Cyatheales,,,0,Upper Eocene,,,,,,,,,,,,,,,Knoblock_etal-1996,,,,
,X,Protopteris_maletinensis,,,,Cyatheales,100,93,7,Cenomanian,,,,,,,,,Europe,Starý Maletín,,Stem,NHMW 1878B/0006/7141,"Naturhistorisches Museum, Wien",Gregus_etal-2013,,,,
,,Protopteris_microrhiza,,,,Cyatheales,,,0,,,,,,,,,,,,,,,,,,,,
,,Protopteris_nammalensis,,,,Cyatheales,199.6,145.5,54.1,Jurassic (?),,,,,,,,,India,"Nammal gorge, 2.5 miles NE of Musa Khel, Mianwali, West Punjab",,Stem,"Plate I; Plate II, photo 2-4; Plate III",,Varma-1947,,,,
,X,Protopteris_punctata,,,,Cyatheales,100,93,7,Cenomanian,,,,,,,,,Europe,Kounice,Peruc-Korycany Fm.,Stem,NMP F1471,"National Museum, Prague",Gregus_etal-2013,,,,
,X,Protopteris_singeri,,,,Cyatheales,100,93,7,Late Cretacous,,,,,,,,,Europe,"Żeliszów (Giersdorf), Poland",,Stem,MGUWr 2885b.p,"Muzeum Geologiczne Uniwersytetu Wrocławskiego, Wrocław",Gregus_etal-2013,,,,
,,Protopteris_sternbergi,,,,Cyatheales,,,0,,,,,,,,,,,,,,,,,,,,
,,Protopteris_witteana,,,,Cyatheales,,,0,,,,,,,,,,,,,,,,,,,,
,X,Rafaherbstia_nishidai,,,,Cyatheales,125,113,12,Aptian,-62.0554824,-58.0113489,-63.39,-48.39,,Warm_temperate,,,Antartica,"Rotch Dome, Byers Peninsula, South Shetland Islands",Cerro Negro Fm.,Stem,BA Pb 143993 (BA Pb Pm 609-615) (Holotype),"Museo Argentino de Ciencias Naturales “Bernardino R. Rivadavia”, División Paleobotánica",Vera_Cesari-2018,No possible determination within the Cyatheales,A phylogenetic analyses might be possible based on the table of characters presented in Vera & Cesari 2018.,,
,X,Rickwoodopteris_hirsuta,,,,Cibotiaceae,83,72,11,Campanian,49.2726397,-124.8811399,56.42,-95.42,,Warm_temperate,,,British Columbia,"Shelter Point, Vancouver Island",Spray Fm.,Stem,2002.9.1 (holotype),"Courtenay and District Museum and Archives, Courtenay BC",Stockey_Rothwell-2004,"Original assignment to Cyatheaceae, but under a broad definition of the family. Affinities within the Cibotiaceae. According to Stockey & Rothwell (2004), the fossil nests aligns with extant Cibotiaceae and Metaxyaceae. A placement in the Cibotium/Metaxya clade is thus suggested.",A phylogenetic analyses might be possible based on the table of characters presented in Vera & Cesari 2018. Also a useful table in Vera & Herbst (2015),,
X,X,Sergioa austrina,,,,Lophosoriaceae,125,113,12,Aptian,-62.0554824,-58.0113489,-63.39,-48.39,,Warm_temperate,,,Antartica,South Shetland Islands,Cerro Negro Fm.,Fertile foliage,BAPb 13382 a–b (holotype),"Museo Argentino de Ciencias Naturales “Bernardino R. Rivadavia”, División Paleobotánica",Cesari-2006,Assigned to the Lophosoriaceae.,,,
X,X,Sphaeropteris/Trichipteris_Graham,,,,Cyathea,13.8,5.3,8.5,Upper Miocene,18.0601259,-94.2810467,17.82,-92.78,,Tropical,,,Mexico,Coatzacoalcos,Paraje Solo Fm.,Spores,"Slide 10-1, England Slide finder coordinates C-45",,Graham (1979),Most similarity with Sphaeropteris myosuroides and Trichipteris mexicana. The two are synonyms of New World Cyathea.,,,
,,Thyrsopteris_antiqua,,,,,,,0,,,,,,,,,,,,,Fertile foliage,,,cf. Li_etal-2019b,,,,
,X,Thyrsopteris_cretaceae,,,,Thyrsopteridaceae,100.5,93,7.5,Albian-Cenomanian,26.4212477,96.2954824,7.31,91.14,,Tropical,,,Myanmar,"Noije Bum Village, Tanaing Township",Myanmar amber (Burmite),Fertile foliage,PB22936,"Nanjing Institute of Geology and Paleontology, Chinese Academy of Sciences",Li_etal-2019b,,,,
,,Thyrsopteris_elegans,,,,,,,0,,,,,,,,,,,,,Foliage,,,cf. Li_etal-2019b,,,,
,,Thyrsopteris_shenii,,,,,,,0,,,,,,,,,,,,,Fertile foliage,,,cf. Li_etal-2019b,,,,
X,X,Thyrsopterorachis mesozoica,,,,Thyrsopteridaceae,89.6,66,23.6,Upper Cretaceous (Senonian),43.0097654,142.0961168,50.7,145.84,,Warm_temperate,,,Japan,"Oh-Yubari, Yubari City, Hokkaido",Upper Ezo Group,Stem,"73221, Laboratory of Phylogenetic Botany, Chiba University ",,Nishida_Nishida-1979,Comparison of characters with several genera in the Cyatheales,Affinities with Thyrsopteris,,
X,X,Yavanna chimaerica ,,,,Cyatheales,125,113,12,Aptian,-62.0554824,-58.0113489,-63.39,-48.39,,Warm_temperate,,,Antartica,"Rotch Dome, Byers Peninsula, South Shetland Islands",Cerro Negro Fm.,Stem,BA Pb 14981 (BA Pb Pm 597–607) (holotype),"Museo Argentino de Ciencias Naturales “Bernardino R. Rivadavia”, División Paleobotánica",Vera-2013,Affinities with Thyrsopteridaceae and the Cyatheaceae. Thus I treat the fossil as Cyatheales.,A phylogenetic analyses might be possible based on the table of characters presented in Vera & Cesari 2018. Also a useful table in Vera & Herbst (2015),,